<manifest><control namespace="PowerCAT" constructor="DVGaugeChart" version="0.0.1" display-name-key="DVGaugeChart" description-key="DVGaugeChart_desc" control-type="virtual" api-version="1.3.14"><property name="Title" display-name-key="GaugeChart_Title_Display_Key" of-type="SingleLine.Text" usage="input" required="false" /><property name="Sublabel" display-name-key="GaugeChart_Sublabel_Display_Key" of-type="SingleLine.Text" usage="input" required="false" /><property name="ChartValue" display-name-key="GaugeChart_Chartvalue_Display_Key" of-type="Whole.None" usage="input" required="false" /><property name="MinValue" display-name-key="GaugeChart_Minvalue_Display_Key" of-type="Whole.None" usage="input" required="false" /><property name="MaxValue" display-name-key="GaugeChart_Maxvalue_Display_Key" of-type="Whole.None" usage="input" required="false" /><property name="HideMinMax" display-name-key="GaugeChart_HideminMax_Display_Key" of-type="TwoOptions" usage="input" required="false" default-value="false" /><property name="HideLegend" display-name-key="GaugeChart_Hidelegend_Display_Key" of-type="TwoOptions" usage="input" required="false" default-value="false" /><property name="ChartValueFormat" display-name-key="GaugeChart_Chartvalueformat_Display_Key" usage="input" of-type="Enum" default-value="0"><value name="Percentage" display-name-key="GaugeChart_ChartValueFormat_Percentage_Display_Key">0</value><value name="Fraction" display-name-key="GaugeChart_ChartValueFormat_Fraction_Display_Key">1</value></property><property name="CustomColors" display-name-key="GaugeChart_Customcolors_Display_Key" of-type="TwoOptions" usage="input" default-value="false" required="false" /><property name="Theme" display-name-key="GaugeChart_Theme_Display_Key" of-type="Multiple" usage="input" required="false" /><property name="TabIndex" hidden="true" display-name-key="NA" description-key="NA" of-type="Whole.None" usage="input" required="false" /><property name="Tooltip" hidden="true" display-name-key="NA" description-key="NA" of-type="SingleLine.Text" usage="input" required="false" /><data-set name="items" display-name-key="GaugeChart_ChartData_Display_Key"><property-set name="ItemLegend" display-name-key="GaugeChart_Legend_Display_Key" of-type="SingleLine.Text" usage="bound" required="true" /><property-set name="ItemSize" display-name-key="GaugeChart_Size_Display_Key" of-type="Whole.None" usage="bound" required="true" /><property-set name="ItemColor" display-name-key="GaugeChart_Color_Display_Key" of-type="TwoOptions" usage="bound" required="true" /></data-set><common-property name="Height" default-value="400" /><common-property name="Width" default-value="400" /><resources><code path="bundle.js" order="1" /><platform-library name="React" version="16.8.6" /><platform-library name="Fluent" version="8.29.0" /><resx path="strings/DVGaugeChart.1033.resx" version="1.0.0" /></resources><built-by name="pac" version="1.32.5" /></control></manifest>