<manifest><control namespace="PowerCAT" constructor="DVAPITester" version="0.1.4" display-name-key="DVAPITester" description-key="DVAPITester_desc" control-type="standard" api-version="1.3.5"><property name="RequestURL" display-name-key="Request URL" description-key="Request URL" of-type="SingleLine.Text" usage="input" required="false" /><property name="Method" display-name-key="Type" description-key="Type" usage="input" of-type="Enum" required="true"><value name="Get" display-name-key="Get" description-key="Get" default="true">Get</value><value name="Post" display-name-key="Post" description-key="Post">Post</value><value name="Put" display-name-key="Put" description-key="Put">Put</value><value name="Patch" display-name-key="Patch" description-key="Patch">Patch</value><value name="Delete" display-name-key="Delete" description-key="Delete">Delete</value></property><property name="Trigger" display-name-key="Trigger" description-key="Trigger" of-type="TwoOptions" usage="input" /><property name="Data" display-name-key="Data" description-key="Data" of-type="Multiple" usage="input" required="false" /><property name="Headers" display-name-key="Headers" description-key="Headers" of-type="Multiple" usage="input" required="false" /><property name="RequestID" display-name-key="RequestID" description-key="RequestID" of-type="SingleLine.Text" usage="input" /><property name="ResponseID" display-name-key="ResponseID" description-key="ResponseID" of-type="SingleLine.Text" usage="output" /><property name="IsSuccessful" display-name-key="Output" description-key="Output" of-type="TwoOptions" usage="output" required="false" /><property name="OutputString" display-name-key="Output" description-key="Output" of-type="Multiple" usage="output" required="false" /><property name="StatusCode" display-name-key="Output" description-key="Output" of-type="SingleLine.Text" usage="output" required="false" /><property name="IsError" display-name-key="Output" description-key="Output" of-type="TwoOptions" usage="output" required="false" /><property name="StatusContent" display-name-key="Output" description-key="Output" of-type="SingleLine.Text" usage="output" required="false" /><property name="RequestSize" display-name-key="Output" description-key="Output" of-type="SingleLine.Text" usage="output" required="false" /><property name="ResponseTime" display-name-key="Output" description-key="Output" of-type="SingleLine.Text" usage="output" required="false" /><property name="IsXML" display-name-key="IsXML" description-key="IsXML" of-type="TwoOptions" usage="output" required="false" /><resources><code path="bundle.js" order="1" /><resx path="strings/DVAPITester.1033.resx" version="1.0.0" /></resources><feature-usage><uses-feature name="WebAPI" required="true" /></feature-usage><built-by name="pac" version="1.23.3" /></control></manifest>